App Name,API Product,API Proxy
PPAY,API-Banking-v1,Billers-v1
PPAY,API-Banking-v1,BillsPaymentTransactions-v1
PPAY,API-Banking-v1,SendSMS-v1
PPAY,API-Banking-v1,SendMoneyEmail-v1
PPAY,API-Banking-v1,Otp-v1
PPAY,API-Banking-v1,Logout-v1
PPAY,API-Banking-v1,FinTech-TokenAppDetails-Private
PPAY,API-Banking-v1,DigiFI-Login-v2
PPAY,API-Banking-v1,GetClientInfo-v2
PPAY,FinTech-Internal-v1,FinTech-AddLink-Internal
PPAY,FinTech-Internal-v1,FinTech-Authorize-Internal
PPAY,FinTech-Internal-v1,FinTech-LinkedAccounts-Internal
PPAY,FinTech-Internal-v1,FinTech-Passthroughs-Internal
PPAY,FinTech-Internal-v1,FinTech-RefreshToken-Internal
PPAY,FinTech-Internal-v1,FinTech-SingleSession-Internal
PPAY,FinTech-Internal-v1,Fintech-TermsAndConditions_PrivatePolicy-Internal
LazadaAlipay,FinTech-DirectLink-v1,FinTech-Authorize
LazadaAlipay,FinTech-DirectLink-v1,FinTech-LinkedAccounts
LazadaAlipay,FinTech-DirectLink-v1,FinTech-Payment
LazadaAlipay,FinTech-DirectLink-v1,FinTech-PaymentInitiate
LazadaAlipay,FinTech-DirectLink-v1,FinTech-PaymentStatus
LazadaAlipay,FinTech-DirectLink-v1,FinTech-ResendOTP
LazadaAlipay,FinTech-DirectLink-v1,FinTech-Token
LazadaAlipay,FinTech-DirectLink-v1,FinTech-Unlinking
LazadaAlipay,FinTech-DirectLink-v1,FinTech-ValidateOTP
Grab-Direct-Debit,FinTech-DirectLink-v1,FinTech-Authorize
Grab-Direct-Debit,FinTech-DirectLink-v1,FinTech-LinkedAccounts
Grab-Direct-Debit,FinTech-DirectLink-v1,FinTech-Payment
Grab-Direct-Debit,FinTech-DirectLink-v1,FinTech-PaymentInitiate
Grab-Direct-Debit,FinTech-DirectLink-v1,FinTech-PaymentStatus
Grab-Direct-Debit,FinTech-DirectLink-v1,FinTech-ResendOTP
Grab-Direct-Debit,FinTech-DirectLink-v1,FinTech-Token
Grab-Direct-Debit,FinTech-DirectLink-v1,FinTech-Unlinking
Grab-Direct-Debit,FinTech-DirectLink-v1,FinTech-ValidateOTP
BDO-Pay-POS,BDOPay2-Swiftpass-PROD,MPQR-SP-V1
BDO-Pay-POS,BDOPay2-Swiftpass-PROD,StatusEnquiry-SP-V1
BDO-Pay-POS,BDOPay2-Swiftpass-PROD,VOIDTransaction-MS-V2
BDO-Pay-POS,BDOPay2-Swiftpass-PROD,CPQRAuthorization-SP-V1
BDO-Pay-POS,BDOPay2-Swiftpass-PROD,CCNotification-SP-V1
BDO-Pay-POS,BDOPay2-Swiftpass-PROD,VoidAuthorization-SP-V1
BDO-Pay-POS,BDOPay2-Swiftpass-PROD,CASANotification-SP-V1
BDO-Pay-POS,BDOPay2-Swiftpass-PROD,QrProcessor-v4
PHQR-Keys,Merchant-Presented-QR-v1,Merchant-Presented-QR-v1
PHQR-Keys,Merchant-Presented-QR-v1,OAuth2-Token-API-V1
PHQR-Keys,OAuth2-Token-v2,OAuth2-Token-API-V1
BDOPay2-PROD,ApiBanking-CIAM-v1-PROD,ApiBanking-GetUsersByCIF-v1
BDOPay2-PROD,ApiBanking-CIAM-v1-PROD,ApiBanking-Login-v1
BDOPay2-PROD,ApiBanking-CIAM-v1-PROD,ApiBanking-Logout-v1
BDOPay2-PROD,ApiBanking-CIAM-v1-PROD,ApiBanking-UserAttributes-v1
BDOPay2-PROD,ApiBanking-CIAM-v1-PROD,ApiBanking-Login2FA-v1
BDOPay2-PROD,BDOPay-QR-v2-PROD,QrProcessor-v4
BOB-Prod,OAuth2-Token-v2,OAuth2-Token-API-V1
BOB-Prod,PESONet,Edge-PESONet-BAPI
BRS---Pesonet-API,OAuth2-Token-v2,OAuth2-Token-API-V1
BRS---Pesonet-API,PESONet,Edge-PESONet-BAPI
CMS,OAuth2-Token-v2,OAuth2-Token-API-V1
CMS,PESONet,Edge-PESONet-BAPI
Remittance,BRS-SAF-Extractor-Web-Service-Product,BRS-SAF-Extractor-Web-Service
OAuth2-Token-v2,OAuth2-Token-v2,OAuth2-Token-API-V1
OAuth2-Token-v2,Remittance-v1,Remittance-BAPI-v1
Customer-Portal-PROD,ApiBanking-CIAM-v1-PROD,ApiBanking-GetUsersByCIF-v1
Customer-Portal-PROD,ApiBanking-CIAM-v1-PROD,ApiBanking-Login-v1
Customer-Portal-PROD,ApiBanking-CIAM-v1-PROD,ApiBanking-Logout-v1
Customer-Portal-PROD,ApiBanking-CIAM-v1-PROD,ApiBanking-UserAttributes-v1
Customer-Portal-PROD,ApiBanking-CIAM-v1-PROD,ApiBanking-Login2FA-v1
Customer-Portal-PROD,Enteprise-User-Administration-v1,Enteprise-User-Administation
QMS-PROD,ApiBanking-CIAM-v1-PROD,ApiBanking-GetUsersByCIF-v1
QMS-PROD,ApiBanking-CIAM-v1-PROD,ApiBanking-Login-v1
QMS-PROD,ApiBanking-CIAM-v1-PROD,ApiBanking-Logout-v1
QMS-PROD,ApiBanking-CIAM-v1-PROD,ApiBanking-UserAttributes-v1
QMS-PROD,ApiBanking-CIAM-v1-PROD,ApiBanking-Login2FA-v1
QMS-PROD,ApiBanking-BillsPayment-v1-PROD,ApiBanking-Billers-v2
QMS-PROD,BankGenie-v1-PROD,BankGenie-v1
bop,ApiBanking-CIAM-v1-PROD,ApiBanking-GetUsersByCIF-v1
bop,ApiBanking-CIAM-v1-PROD,ApiBanking-Login-v1
bop,ApiBanking-CIAM-v1-PROD,ApiBanking-Logout-v1
bop,ApiBanking-CIAM-v1-PROD,ApiBanking-UserAttributes-v1
bop,ApiBanking-CIAM-v1-PROD,ApiBanking-Login2FA-v1
bop,BOP-v1,BOP-EUA
bop,BOP-v1,MS-passthrough-v1
PPAY-BOP,BOP-v1,BOP-EUA
PPAY-BOP,BOP-v1,MS-passthrough-v1
CMS-ePayments-NatashaSalesAndMarketingCorp-App,CMS-ePayments-Merchant-Product,TBG-CMSEpayment-Microsite-ApiBanking_Authorize-V1
CMS-ePayments-NatashaSalesAndMarketingCorp-App,CMS-ePayments-Merchant-Product,TBG-CMSEpayment-Microsite-CMS_BillPaymentInquiry-V1
CMS-ePayments-NatashaSalesAndMarketingCorp-App,CMS-ePayments-Merchant-Product,CMS-DataValidate-v1
CMS-ePayments-NatashaSalesAndMarketingCorp-App,CMS-ePayments-Merchant-Product,TBG-CMSEpayment-Microsite-ApiBanking_Login-V1
Evolution-CMS,BDO-Evolution-Product,BBG-Evolution-BDO_Evolution-V1
Evolution-CMS,BDO-Evolution-Product,Evolution-hoststatus
Evolution-CMS,ApiBanking-Login-v1,TBG-CMSEpayment-Microsite-ApiBanking_Login-V1
Evolution-CMS,southbound-ms,TBG-CMSEpayment-Microsite-ApiBanking_Login-V1
Evolution-CMS,southbound-ms,TBG-CMSEpayment-Microsite-SouthBound_Proxy-V1
Evolution-CMS,southbound-ms,Retail-BRS_R-ApiBanking_Login-V1
Evolution-CMS,BDO-Evolution-Product-PreProd,BBG-Evolution-BDO_Evolution-V1
Evolution-CMS,BDO-Evolution-Product-PreProd,Evolution-hoststatus
Evolution-CMS,southbound-ms,TBG-CMSEpayment-Microsite-ApiBanking_Login-V1
Evolution-CMS,southbound-ms,TBG-CMSEpayment-Microsite-SouthBound_Proxy-V1
Evolution-CMS,southbound-ms,Retail-BRS_R-ApiBanking_Login-V1
Evolution-ATMQRBiometrics,BDO-Evolution-Product-PreProd,BBG-Evolution-BDO_Evolution-V1
Evolution-ATMQRBiometrics,BDO-Evolution-Product-PreProd,Evolution-hoststatus
Evolution-BiometricsWebPortal,BDO-Evolution-Product,BBG-Evolution-BDO_Evolution-V1
Evolution-BiometricsWebPortal,BDO-Evolution-Product,Evolution-hoststatus
Evolution-BiometricsWebPortal,BDO-Evolution-Product-PreProd,BBG-Evolution-BDO_Evolution-V1
Evolution-BiometricsWebPortal,BDO-Evolution-Product-PreProd,Evolution-hoststatus
Evolution-CLGWeb,BDO-Evolution-Product,BBG-Evolution-BDO_Evolution-V1
Evolution-CLGWeb,BDO-Evolution-Product,Evolution-hoststatus
Evolution-CLGWeb,BDO-Evolution-Product-PreProd,BBG-Evolution-BDO_Evolution-V1
Evolution-CLGWeb,BDO-Evolution-Product-PreProd,Evolution-hoststatus
NDBMOB,BDO-Callback-PROD,ApiBanking-Callback-v1
NDBMOB,BDO-Callback-PROD,ApiBanking-FICO-HostResponse-v1
NDBMOB,BDO-Callback-PROD,ApiBanking-Login-v1
NDBMOB,BDO-Callback-PROD,ApiBanking-UserAttributes-v1
NDBMOB,BDO-Callback-PROD,ApiBanking-GetUsersByCIF-v1
BDOPay-Prod,BDO-Digital-PROD,ApiBanking-Login-v1
BDOPay2-Swiftpass-PROD,BDOPay2-Swiftpass-PROD,MPQR-SP-V1
BDOPay2-Swiftpass-PROD,BDOPay2-Swiftpass-PROD,StatusEnquiry-SP-V1
BDOPay2-Swiftpass-PROD,BDOPay2-Swiftpass-PROD,VOIDTransaction-MS-V2
BDOPay2-Swiftpass-PROD,BDOPay2-Swiftpass-PROD,CPQRAuthorization-SP-V1
BDOPay2-Swiftpass-PROD,BDOPay2-Swiftpass-PROD,CCNotification-SP-V1
BDOPay2-Swiftpass-PROD,BDOPay2-Swiftpass-PROD,VoidAuthorization-SP-V1
BDOPay2-Swiftpass-PROD,BDOPay2-Swiftpass-PROD,CASANotification-SP-V1
BDOPay2-Swiftpass-PROD,BDOPay2-Swiftpass-PROD,QrProcessor-v4
BDOPay2-Backbase-PROD,BDOPay2-Backbase-PROD,CPQRVerification-BB-V1
BDOPay2-Backbase-PROD,BDOPay2-Backbase-PROD,TransactionStatusCPQRAndVoid-BB-V1
NDBMOB-PREPROD,BDO-Callback-PREPROD,ApiBanking-Callback-v1
NDBMOB-PREPROD,BDO-Callback-PREPROD,ApiBanking-FICO-HostResponse-v1
NDBMOB-PREPROD,BDO-Callback-PREPROD,ApiBanking-Login-v1
NDBMOB-PREPROD,BDO-Callback-PREPROD,ApiBanking-UserAttributes-v1
NDBMOB-PREPROD,BDO-Callback-PREPROD,ApiBanking-GetUsersByCIF-v1
BDOPay-PreProd,BDO-Digital-PREPROD,ApiBanking-Login-v1
BDOPay2-Swiftpass-PREPROD,BDOPay2-Swiftpass-PREPROD,CCNotification-SP-V1
BDOPay2-Swiftpass-PREPROD,BDOPay2-Swiftpass-PREPROD,VoidAuthorization-SP-V1
BDOPay2-Swiftpass-PREPROD,BDOPay2-Swiftpass-PREPROD,CASANotification-SP-V1
BDOPay2-Backbase-PREPROD,BDOPay2-Backbase-PREPROD,TransactionStatusCPQRAndVoid-BB-V1
Evolution-PBSYS,BDO-Evolution-Mapper-PB-PREPROD,Enterprise-EvolutionMapper-V1-PB
Evolution-PBSYS,BDO-Evolution-Mapper-PB-PREPROD,Enterprise-EvolutionMapper-V1-PB
Evolution-PBSYS,BDO-Evolution-Mapper-PB,Enterprise-EvolutionMapper-V1-PB
Evolution-PBSYS,BDO-Evolution-Mapper-PB,Enterprise-EvolutionMapper-V1-PB
CMS-ePayments-Corporate-Internal-App,CMS-ePayments-Corporate-Internal-Product,Corporate-CMS_ePayments_Corp-Password_Encryption-V1
CMS-ePayments-Corporate-Internal-App,CMS-ePayments-Corporate-Internal-Product,TBG-CMSEpayment-Microsite-ApiBanking_Login-V1
eSOA-CCM-SMS,CCM-UNIFIED-v1,TBG-CMS_Mobile-CCM_Phase_2_BAPI-V1
eSOA-CCM-SMS,CCM-UNIFIED-v1,TBG-CMSEpayment-Microsite-ApiBanking_Login-V1
eSOA-CCM-SMS,CCM-Email-v1,TBG-CMS_Mobile-CCM_Phase_2_BAPI-V1
eSOA-CCM-SMS,CCM-Email-v1,TBG-CMSEpayment-Microsite-ApiBanking_Login-V1
Evolution-POSDrive-cardPin,Evolution-PartyDetails,Signature-Evolution-Party-Details-V1
CCM-FraudMessagingInterface,CCM-UNIFIED-v1,TBG-CMS_Mobile-CCM_Phase_2_BAPI-V1
CCM-FraudMessagingInterface,CCM-UNIFIED-v1,TBG-CMSEpayment-Microsite-ApiBanking_Login-V1
Evolution-SBS,BDO-Evolution-Product,BBG-Evolution-BDO_Evolution-V1
Evolution-SBS,BDO-Evolution-Product,Evolution-hoststatus
Evolution-SBS,BDO-Evolution-Product-PreProd,BBG-Evolution-BDO_Evolution-V1
Evolution-SBS,BDO-Evolution-Product-PreProd,Evolution-hoststatus
CMS-ePayments-Shakeys-App,CMS-ePayments-Merchant-Product,TBG-CMSEpayment-Microsite-ApiBanking_Authorize-V1
CMS-ePayments-Shakeys-App,CMS-ePayments-Merchant-Product,TBG-CMSEpayment-Microsite-CMS_BillPaymentInquiry-V1
CMS-ePayments-Shakeys-App,CMS-ePayments-Merchant-Product,CMS-DataValidate-v1
CMS-ePayments-Shakeys-App,CMS-ePayments-Merchant-Product,TBG-CMSEpayment-Microsite-ApiBanking_Login-V1
Telephony-Internal,Telephony API-PROD,telephony_creditcards_rewards
Telephony-Internal,Telephony API-PROD,Telephony_Cash_Card-V1
Telephony-Internal,Telephony API-PROD,TBG-CMSEpayment-Microsite-ApiBanking_Login-V1
Platform-App,Platform-Product,Platfrom-Int-Pre-Prod-1-Proxy-v1
Platform-App,Platform-Product,Platfrom-Int-Pre-Prod-2-Proxy-v1
Platform-App,Platform-Product,Platfrom-Int-Prod-1-Proxy-v1
Platform-App,Platform-Product,Platfrom-Int-Prod-2-Proxy-v1
Platform-App,Platform-Product,Platfrom-Int-Prod-3-Proxy-v1
Platform-App,Platform-Product,Platfrom-Int-Prod-4-Proxy-v1
Platform-App,Platform-Product,Platfrom-Int-Prod-hybrid-1-Proxy-v1
Platform-App,Platform-Product,Platfrom-Int-Prod-hybrid-2-Proxy-v1
CMS-ePayments-Maya-App,CMS-ePayments-Merchant-Product,TBG-CMSEpayment-Microsite-ApiBanking_Authorize-V1
CMS-ePayments-Maya-App,CMS-ePayments-Merchant-Product,TBG-CMSEpayment-Microsite-CMS_BillPaymentInquiry-V1
CMS-ePayments-Maya-App,CMS-ePayments-Merchant-Product,CMS-DataValidate-v1
CMS-ePayments-Maya-App,CMS-ePayments-Merchant-Product,TBG-CMSEpayment-Microsite-ApiBanking_Login-V1
CorpWeb-CCM-App,CCM-UNIFIED-v1,TBG-CMS_Mobile-CCM_Phase_2_BAPI-V1
CorpWeb-CCM-App,CCM-UNIFIED-v1,TBG-CMSEpayment-Microsite-ApiBanking_Login-V1
IBG-Mediation-App,CreditLens-Product,TBG-CMSEpayment-Microsite-ApiBanking_Login-V1
IBG-Mediation-App,CreditLens-Product,Enterprise-CreditLens-V1
IBG-Mediation-App,CreditLens-Product,Enterprise-CreditLens-V1
IBG-Mediation-App,CreditLens-Product,Enterprise-CreditLens-V1
IBG-Mediation-App,CreditLens-Product,Enterprise-CreditLens-V1
IBG-Mediation-App,CreditLens-Product,Enterprise-CreditLens-V1
IBG-Mediation-App,CreditLens-Product,Enterprise-CreditLens-V1
IBG-Mediation-App,CreditLens-Product,Enterprise-CreditLens-V1
IBG-Mediation-App,CreditLens-Product,Enterprise-CreditLens-V1
IBG-Mediation-App,CreditLens-Product,Enterprise-CreditLens-V1
IBG-Mediation-App,CreditLens-Product,Enterprise-CreditLens-V1
IBG-Mediation-App,CreditLens-Product,Enterprise-CreditLens-V1
CCM-BCS,CCM-UNIFIED-v1,TBG-CMS_Mobile-CCM_Phase_2_BAPI-V1
CCM-BCS,CCM-UNIFIED-v1,TBG-CMSEpayment-Microsite-ApiBanking_Login-V1
Evolution-AOWorkbench,BDO-Evolution-Product-PreProd,BBG-Evolution-BDO_Evolution-V1
Evolution-AOWorkbench,BDO-Evolution-Product-PreProd,Evolution-hoststatus
Evolution-AOWorkbench,BDO-Evolution-Product,BBG-Evolution-BDO_Evolution-V1
Evolution-AOWorkbench,BDO-Evolution-Product,Evolution-hoststatus
BRS-Replacement,BRS-CCM-Unified-v1,Retail-BRS_R-CCM_Phase2_BAPI-V1
BRS-Replacement,BRS-CCM-SMS-v1,Retail-BRS_R-CCM_Phase2_BAPI-V1
BRS-Replacement,BRS-CCM-SMS-v1,Retail-BRS_R-ApiBanking_Login-V1
BRS-Replacement,BRS-Replacement-Product,Retail-BRS_R-ApiBanking_Login-V1
BRS-Replacement,BRS-Replacement-Product,Retail-BRS_R-Bridger-V1
BRS-Replacement,BRS-Replacement-Product,Retail-BRS_R-Carnelian_RDC-V1
BRS-Replacement,BRS-Replacement-Product,Retail-BRS_R-Fin_Engine-V1
BRS-Replacement,BRS-Replacement-Product,Retail-BRS_R-IST_IBFT-V1
BRS-Replacement,BRS-Replacement-Product,Retail-BRS_R-OTP-V1
BRS-Replacement,BRS-Replacement-Product,Retail-BRS_R-CRM_AccountInformation-V1
BRS-Replacement,BRS-Replacement-Product,Retail-BRS_R-Southbound_Icos_Proxy-V1
BRS-Replacement,BRS-Replacement-Product,Retail-BRS_R-Southbound_Proxy-V1
BRS-Replacement,BRS-Replacement-Product,Retail-BRS_R-CCM_Phase2_BAPI-V1
BRS-Replacement,BRS-Replacement-Product,Retail-BRS_R-SM-V1
BRS-Replacement,BRS-CCM-Email-v1,Retail-BRS_R-CCM_Phase2_BAPI-V1
BRS-Replacement,BRS-CCM-Email-v1,Retail-BRS_R-ApiBanking_Login-V1
Evolution-BDOAnywhere,BDO-Evolution-Product,BBG-Evolution-BDO_Evolution-V1
Evolution-BDOAnywhere,BDO-Evolution-Product,Evolution-hoststatus
Evolution-BDOAnywhere,BDO-Evolution-Product-PreProd,BBG-Evolution-BDO_Evolution-V1
Evolution-BDOAnywhere,BDO-Evolution-Product-PreProd,Evolution-hoststatus
One Loyalty,CCM-UNIFIED-v1,TBG-CMS_Mobile-CCM_Phase_2_BAPI-V1
One Loyalty,CCM-UNIFIED-v1,TBG-CMSEpayment-Microsite-ApiBanking_Login-V1
One Loyalty,Perx-Product,Retail-OL-Perx_BalanceInquiry-V1
One Loyalty,Perx-Product,Retail-OL-Perx_LoyaltyTransactions-V1
One Loyalty,Perx-Product,Retail-OL-Perx_Vouchers-V1
One Loyalty,Perx-Product,TBG-CMSEpayment-Microsite-ApiBanking_Login-V1
ATR-PayMaya,pmr-passthrough-Product,pmr-passthrough-proxy-v1
CMS-ePayments-Growsari-App,CMS-ePayments-Merchant-Product,TBG-CMSEpayment-Microsite-ApiBanking_Authorize-V1
CMS-ePayments-Growsari-App,CMS-ePayments-Merchant-Product,TBG-CMSEpayment-Microsite-CMS_BillPaymentInquiry-V1
CMS-ePayments-Growsari-App,CMS-ePayments-Merchant-Product,CMS-DataValidate-v1
CMS-ePayments-Growsari-App,CMS-ePayments-Merchant-Product,TBG-CMSEpayment-Microsite-ApiBanking_Login-V1
CMS-ePayments-Xendit-App,CMS-ePayments-Merchant-Product,TBG-CMSEpayment-Microsite-ApiBanking_Authorize-V1
CMS-ePayments-Xendit-App,CMS-ePayments-Merchant-Product,TBG-CMSEpayment-Microsite-CMS_BillPaymentInquiry-V1
CMS-ePayments-Xendit-App,CMS-ePayments-Merchant-Product,CMS-DataValidate-v1
CMS-ePayments-Xendit-App,CMS-ePayments-Merchant-Product,TBG-CMSEpayment-Microsite-ApiBanking_Login-V1
Evolution-FalconSMS-PreProd,BDO-Evolution-Product-PreProd,BBG-Evolution-BDO_Evolution-V1
Evolution-FalconSMS-PreProd,BDO-Evolution-Product-PreProd,Evolution-hoststatus
OPICS-App,OPICS-Products,Retail-OPICS-OPICS_CASACustomerList-V1
OPICS-App,OPICS-Products,COG-Telephony-CRM_CustomerAccountList-V1
OPICS-App,OPICS-Products,COG-Telephony-CRM_AccountInformation-V1
OPICS-App,OPICS-Products,COG-Telephony-OPICS_KYCFields-V1
OPICS-App,OPICS-Products,COG-CRM_CC-OPICS_CASABalance-V1
OPICS-App,OPICS-Products,COG-Telephony-OPICS_CASATransactions-V1
OPICS-App,OPICS-Products,TBG-CMSEpayment-Microsite-ApiBanking_Login-V1
FICO,CCM-UNIFIED-v1,TBG-CMS_Mobile-CCM_Phase_2_BAPI-V1
FICO,CCM-UNIFIED-v1,TBG-CMSEpayment-Microsite-ApiBanking_Login-V1
FICO,CCM-Email-v1,TBG-CMS_Mobile-CCM_Phase_2_BAPI-V1
FICO,CCM-Email-v1,TBG-CMSEpayment-Microsite-ApiBanking_Login-V1
FICO,FICO,TBG-CMSEpayment-Microsite-ApiBanking_Login-V1
FICO,FICO,Retail-FICO-fai_mapper_passthrough_proxy-V1
FICO,CCM-SMS-v1,TBG-CMS_Mobile-CCM_Phase_2_BAPI-V1
FICO,CCM-SMS-v1,TBG-CMSEpayment-Microsite-ApiBanking_Login-V1
FICO,CCM-Viber-v1,TBG-CMS_Mobile-CCM_Phase_2_BAPI-V1
FICO,CCM-Viber-v1,TBG-CMSEpayment-Microsite-ApiBanking_Login-V1
CMS-ePayments-ShopeePay-App,CMS-ePayments-Merchant-Product,TBG-CMSEpayment-Microsite-ApiBanking_Authorize-V1
CMS-ePayments-ShopeePay-App,CMS-ePayments-Merchant-Product,TBG-CMSEpayment-Microsite-CMS_BillPaymentInquiry-V1
CMS-ePayments-ShopeePay-App,CMS-ePayments-Merchant-Product,CMS-DataValidate-v1
CMS-ePayments-ShopeePay-App,CMS-ePayments-Merchant-Product,TBG-CMSEpayment-Microsite-ApiBanking_Login-V1
CMS-ePayments-Internal,CMS-ePayments-Internal,TBG-CMSEpayment-Microsite-ApiBanking_Login-V1
CMS-ePayments-Internal,CMS-ePayments-Internal,TBG-CMSEpayment-Microsite-ApiBanking_Login2FA-V1
CMS-ePayments-Internal,CMS-ePayments-Internal,TBG-CMSEpayment-Microsite-ApiBanking_Logout-V2
CMS-ePayments-Internal,CMS-ePayments-Internal,TBG-CMSEpayment-Microsite-ApiBanking_UserAttributes-V2
CMS-ePayments-Internal,CMS-ePayments-Internal,TBG-CMSEpayment-Microsite-SouthBound_Proxy-V1
KVM-Update-APP,KVM-operations,Platform-Manage-Kvms-V1
CJ-CFTS-APP,CFTS-PRD-Authentication,API-Login-v1
CJ-CFTS-APP,CFTS-PRD-DCSS,CJ_UM-DCSS-LimitAmount-V1
CJ-CFTS-APP,CFTS-PRD-DCSS,CJ_UM-DCSS-UpdateAmount-V1
CJ-CFTS-APP,CFTS-PRD-DCSS,API-DCSS-ReadCard-v1
CJ-CFTS-APP,CFTS-PRD-ICOS,API-ICOS-v1
CJ-CFTS-APP,CFTS-PRD-SCU,API-SCU-v1
CJ-CFTS-APP,CFTS-PRD-EPID,CJ_UM-EPID-V1
CJ-CFTS-APP,CFTS-PRD-ICBS,API-ICBS-AccntInfo-V1
CJ-CFTS-APP,CFTS-PRD-ICBS,CJ_UM-ICBS-Accnt-Balance-V1
CJ-CFTS-APP,CFTS-PRD-ICBS,CJ_UM-ICBS-Accnt-Cif-V1
CJ-CFTS-APP,CFTS-PRD-ICBS,CJ_UM-ICBS-Accnt-Linked-V1
CJ-CFTS-APP,CFTS-PRD-ICBS,CJ_UM-ICBS-Fund-Transfer-V1
CJ-CFTS-APP,CFTS-PRD-ETools,CJ_UM-TerminalDetails-V1
CJ-CFTS-APP,CFTS-PRD-ETools,CJ_UM-TerminalSequence-V1
CJ-CFTS-APP,CFTS-PRD-PREPROC,API-PREPROC-v1
retail-cj-cico-qms-tv,ApiBanking-Login-v1,TBG-CMSEpayment-Microsite-ApiBanking_Login-V1
retail-cj-cico-qms-tv,retail-cj-cico-bcx-rates,COG-Telephony-BCX_Rates-V1
BDO Enterprise SMS,CCM-UNIFIED-v1,TBG-CMS_Mobile-CCM_Phase_2_BAPI-V1
BDO Enterprise SMS,CCM-UNIFIED-v1,TBG-CMSEpayment-Microsite-ApiBanking_Login-V1
BDO Enterprise SMS,CCM-Email-v1,TBG-CMS_Mobile-CCM_Phase_2_BAPI-V1
BDO Enterprise SMS,CCM-Email-v1,TBG-CMSEpayment-Microsite-ApiBanking_Login-V1
BDO Enterprise SMS,CCM-SMS-v1,TBG-CMS_Mobile-CCM_Phase_2_BAPI-V1
BDO Enterprise SMS,CCM-SMS-v1,TBG-CMSEpayment-Microsite-ApiBanking_Login-V1
BDO Enterprise SMS,CCM-Viber-v1,TBG-CMS_Mobile-CCM_Phase_2_BAPI-V1
BDO Enterprise SMS,CCM-Viber-v1,TBG-CMSEpayment-Microsite-ApiBanking_Login-V1
CRM-App,IVRS,COG-Telephony-DCSS_DebitCardBlock-V1
CRM-App,IVRS,COG-Telephony-BCX_Rates-V1
CRM-App,IVRS,COG-Telephony-Cadencie_CreditCards-V1
CRM-App,IVRS,COG-Telephony-EMBS_SendSOAEmail-V1
CRM-App,IVRS,COG-Telephony-IST_DebitCardBlocking-V1
CRM-App,IVRS,COG-Telephony-LRS_Rewards-V1
CRM-App,IVRS,COG-Telephony-NICE_Voice_Biometrics-V1
CRM-App,IVRS,COG-Telephony-CRM_CreditCardAccountBalance-V1
CRM-App,IVRS,COG-Telephony-CRM_CashCardDetails-V1
CRM-App,IVRS,COG-Telephony-SM_Rewards-V1
CRM-App,IVRS,COG-Telephony-OPICS_KYCFields-V1
CRM-App,IVRS,COG-Telephony-CRM_AccountInformation-V1
CRM-App,IVRS,COG-Telephony-CASHCARD_PermanentBlock-V1
CRM-App,IVRS,COG-Telephony-CASHCARD_ClientInquiry-V1
CRM-App,IVRS,COG-Telephony-CRM_CashCardAccountTransactions-V1
CRM-App,IVRS,COG-Telephony-OPICS_CASATransactions-V1
CRM-App,IVRS,COG-Telephony-CRM_CustomerAccountList-V1
CRM-App,IVRS,API-DCSS-ReadCard-v1
CRM-App,ApiBanking-Login-v1,TBG-CMSEpayment-Microsite-ApiBanking_Login-V1
CCM-V1,CCM-UNIFIED-v1,TBG-CMS_Mobile-CCM_Phase_2_BAPI-V1
CCM-V1,CCM-UNIFIED-v1,TBG-CMSEpayment-Microsite-ApiBanking_Login-V1
CCM-V1,ApiBanking-Login-v1,TBG-CMSEpayment-Microsite-ApiBanking_Login-V1
CCM-V1,CCM-Email-v1,TBG-CMS_Mobile-CCM_Phase_2_BAPI-V1
CCM-V1,CCM-Email-v1,TBG-CMSEpayment-Microsite-ApiBanking_Login-V1
CCM-V1,CCM-SMS-v1,TBG-CMS_Mobile-CCM_Phase_2_BAPI-V1
CCM-V1,CCM-SMS-v1,TBG-CMSEpayment-Microsite-ApiBanking_Login-V1
CCM-V1,CCM-Viber-v1,TBG-CMS_Mobile-CCM_Phase_2_BAPI-V1
CCM-V1,CCM-Viber-v1,TBG-CMSEpayment-Microsite-ApiBanking_Login-V1
IVRS,OneLoyalty-RewardsCard,TBG-CMSEpayment-Microsite-ApiBanking_Login2FA-V1
IVRS,OneLoyalty-RewardsCard,Retail-OneLoyalty-RewardsCard-V1
IVRS,OneLoyalty-RewardsCard,Retail-OneLoyalty-RewardsCard-V1
IVRS,OneLoyalty-RewardsCard,Retail-OneLoyalty-RewardsCard-V1
IVRS,CCM-UNIFIED-v1,TBG-CMS_Mobile-CCM_Phase_2_BAPI-V1
IVRS,CCM-UNIFIED-v1,TBG-CMSEpayment-Microsite-ApiBanking_Login-V1
IVRS,IVRS,COG-Telephony-DCSS_DebitCardBlock-V1
IVRS,IVRS,COG-Telephony-BCX_Rates-V1
IVRS,IVRS,COG-Telephony-Cadencie_CreditCards-V1
IVRS,IVRS,COG-Telephony-EMBS_SendSOAEmail-V1
IVRS,IVRS,COG-Telephony-IST_DebitCardBlocking-V1
IVRS,IVRS,COG-Telephony-LRS_Rewards-V1
IVRS,IVRS,COG-Telephony-NICE_Voice_Biometrics-V1
IVRS,IVRS,COG-Telephony-CRM_CreditCardAccountBalance-V1
IVRS,IVRS,COG-Telephony-CRM_CashCardDetails-V1
IVRS,IVRS,COG-Telephony-SM_Rewards-V1
IVRS,IVRS,COG-Telephony-OPICS_KYCFields-V1
IVRS,IVRS,COG-Telephony-CRM_AccountInformation-V1
IVRS,IVRS,COG-Telephony-CASHCARD_PermanentBlock-V1
IVRS,IVRS,COG-Telephony-CASHCARD_ClientInquiry-V1
IVRS,IVRS,COG-Telephony-CRM_CashCardAccountTransactions-V1
IVRS,IVRS,COG-Telephony-OPICS_CASATransactions-V1
IVRS,IVRS,COG-Telephony-CRM_CustomerAccountList-V1
IVRS,IVRS,API-DCSS-ReadCard-v1
IVRS,ApiBanking-Login-v1,TBG-CMSEpayment-Microsite-ApiBanking_Login-V1
IVRS,Telephony API-PROD,telephony_creditcards_rewards
IVRS,Telephony API-PROD,Telephony_Cash_Card-V1
IVRS,Telephony API-PROD,TBG-CMSEpayment-Microsite-ApiBanking_Login-V1
CMS-Mobile-Release-CCM,CCM-UNIFIED-v1,TBG-CMS_Mobile-CCM_Phase_2_BAPI-V1
CMS-Mobile-Release-CCM,CCM-UNIFIED-v1,TBG-CMSEpayment-Microsite-ApiBanking_Login-V1
CMS-Mobile-Release-CCM,CCM-Email-v1,TBG-CMS_Mobile-CCM_Phase_2_BAPI-V1
CMS-Mobile-Release-CCM,CCM-Email-v1,TBG-CMSEpayment-Microsite-ApiBanking_Login-V1
CMS-Mobile-Release-CCM,CCM-SMS-v1,TBG-CMS_Mobile-CCM_Phase_2_BAPI-V1
CMS-Mobile-Release-CCM,CCM-SMS-v1,TBG-CMSEpayment-Microsite-ApiBanking_Login-V1
CMS-Mobile-Release-CCM,CCM-Viber-v1,TBG-CMS_Mobile-CCM_Phase_2_BAPI-V1
CMS-Mobile-Release-CCM,CCM-Viber-v1,TBG-CMSEpayment-Microsite-ApiBanking_Login-V1
CMS-Mobile-Release-CNR-ICOS-App,CNR-ICOS-Product,TBG-CMSEpayment-Microsite-ApiBanking_Login-V1
CMS-Mobile-Release-CNR-ICOS-App,CNR-ICOS-Product,TBG-CMS_Mobile-southbound_icos_proxy-V1
CMS-Mobile-Release-CNR-ICOS-App,CNR-ICOS-Product,TBG-CMS_Mobile-ICOS_ValidateSubscriberNumber-V1
CMS-Mobile-Release-CNR-CMS-App,CNR-CMS-Product,TBG-CMSEpayment-Microsite-ApiBanking_Login-V1
CMS-Mobile-Release-CNR-CMS-App,CNR-CMS-Product,TBG-CMS_Mobile-CMS_BillPayment-V1
CMS-Mobile-Release-CNR-CMS-App,CNR-CMS-Product,TBG-CMSEpayment-Microsite-CMS_BillPaymentInquiry-V1
CMS-Mobile-Release-CNR-CMS-App,CNR-CMS-Product,TBG-CMS_Mobile-CMS_VirtualAccountValidation-V1
CMS-Mobile-Release-CNR-CMS-App,CNR-CMS-Product,TBG-CMS_Mobile-CMS_VirtualAccountBulkValidation-V1
CMS-Mobile-Release-CNR-CMS-App,CNR-CMS-Product,TBG-CMS_Mobile-CMS_VirtualAccountLedgerUpdate-V1
CMS-Mobile-Release-southbound-ms,southbound-ms,TBG-CMSEpayment-Microsite-ApiBanking_Login-V1
CMS-Mobile-Release-southbound-ms,southbound-ms,TBG-CMSEpayment-Microsite-SouthBound_Proxy-V1
CMS-Mobile-Release-southbound-ms,southbound-ms,Retail-BRS_R-ApiBanking_Login-V1
Evolution-FalconSMS,BDO-Evolution-Product,BBG-Evolution-BDO_Evolution-V1
Evolution-FalconSMS,BDO-Evolution-Product,Evolution-hoststatus
HealthCheck,Target Server Health Check Product,Platform-Target_Server_Health_Check_Prod_Int-V1
HealthCheck,Target Server Health Check Product,Platform-Target_Server_Health_Check-V1
Solaire-App,Solaire-Product,TBG-CMSEpayment-Microsite-ApiBanking_Authorize-V1
Solaire-App,Solaire-Product,TBG-CMSEpayment-Microsite-CMS_BillPaymentInquiry-V1
Solaire-App,Solaire-Product,TBG-CMSEpayment-Microsite-ApiBanking_Login-V1
Solaire-App,CMS-ePayments-Merchant-Product,TBG-CMSEpayment-Microsite-ApiBanking_Authorize-V1
Solaire-App,CMS-ePayments-Merchant-Product,TBG-CMSEpayment-Microsite-CMS_BillPaymentInquiry-V1
Solaire-App,CMS-ePayments-Merchant-Product,CMS-DataValidate-v1
Solaire-App,CMS-ePayments-Merchant-Product,TBG-CMSEpayment-Microsite-ApiBanking_Login-V1
CMS-App,CMS-Product,TBG-CMSEpayment-Microsite-ApiBanking_Authorize-V1
CMS-App,CMS-Product,TBG-CMSEpayment-Microsite-ApiBanking_Login-V1
CMS-App,CMS-Product,TBG-CMSEpayment-Microsite-ApiBanking_Login2FA-V1
CMS-App,CMS-Product,TBG-CMSEpayment-Microsite-ApiBanking_Logout-V2
CMS-App,CMS-Product,TBG-CMSEpayment-Microsite-ApiBanking_UserAttributes-V2
CMS-App,CMS-Product,TBG-CMSEpayment-Microsite-CMS_BillPaymentInquiry-V1
CMS-App,CMS-Product,TBG-CMSEpayment-Microsite-SouthBound_Proxy-V1
CJ-UM-APP,ATM-PRD-EPIDReqSub,CJ_UM-EPIDReqSub-V1
CJ-UM-APP,ATM-PRD-CFTSCardlessQR,Retail-CJ-UM-ATM-Authentication-V1
CJ-UM-APP,ATM-PRD-CFTSCardlessQR,API-CardlessTransactions-v1
CJ-UM-APP,ATM-PRD-CFTSCardlessQR,API-QRFulfillment-v1
CJ-UM-APP,ATM-PRD-Authentication,Retail-CJ-UM-ATM-Authentication-V1
CJ-UM-APP,ATM-PRD-CFTSBioBalanceInquiry,CJ_UM-BiometricsBalanceInquiry-V1
CJ-UM-APP,ATM-PRD-Terminal,CBG-CJ_UM_R1A-ATM_API_Terminal_V1
CJ-UM-APP,ATM-PRD-CheckSubmission,Retail-CJ_UM-API_CheckAggregator-V1
CJ-UM-APP,ATM-PRD-CFTSBioCustomer,CJ_UM-BioCustomer-V1
CJ-UM-APP,ATM-PRD-CFTSBioWithdrawal,CJ_UM-BiometricsWithdrawal-V1
CJ-UM-APP,ATM-PRD-CheckDeposit,API-CheckAccount-V1
CJ-UM-APP,ATM-PRD-EPIDRel,CJ_UM-ATM-EPIDRel-V1
CJ-UM-APP,ATM-PRD-Passbook,Retail-CJ-UM-ATM-Passbook-V1
CJ-UM-APP,ATM-PRD-RevokeAuthentication,CJ_UM-RevokeToken-V1
CJ-UM-APP,ATM-PRD-CFTSBioLinkedAccounts,CJ_UM-BioLinkedAccounts-V1
CJ-UM-APP,ATM-ADMIN-PRD-Authentication,ADMIN-API-Login-V1
CJ-ATM-ADMIN-APP,ATM-ADMIN-PRD-KVM,ADMIN-API-KVM-V1
CJ-ATM-ADMIN-APP,ATM-ADMIN-PRD-Authentication,ADMIN-API-Login-V1
